sweep,condition,metric,auc
jamming_sweep,alpha_0.2,traj_TP_0,0.9248434343434343
jamming_sweep,alpha_0.2,snap_MP_0,0.9197626262626263
jamming_sweep,alpha_0.2,local_density,0.9003055555555556
jamming_sweep,alpha_0.2,LCC_fraction,0.881449494949495
jamming_sweep,alpha_0.2,snap_TP_0,0.8653181818181818
jamming_sweep,alpha_0.2,snap_TP_1,0.8582979797979798
jamming_sweep,alpha_0.2,traj_TP_1,0.8510353535353535
jamming_sweep,alpha_0.2,snap_MP_1,0.8266666666666667
jamming_sweep,alpha_0.2,traj_TP_2,0.8087828282828283
jamming_sweep,alpha_0.2,snap_B_prev_1,0.7976040061633282
jamming_sweep,alpha_0.2,traj_MP_2,0.7823888888888888
jamming_sweep,alpha_0.2,traj_B_prev_2,0.7756574216743708
jamming_sweep,alpha_0.2,angular_momentum_norm,0.7555000000000001
jamming_sweep,alpha_0.2,snap_B_prev_0,0.7356497175141243
jamming_sweep,alpha_0.2,snap_B_base_1,0.7305752439650745
jamming_sweep,alpha_0.2,traj_MP_1,0.7227196969696968
jamming_sweep,alpha_0.2,traj_B_prev_0,0.7216076014381099
jamming_sweep,alpha_0.2,milling_score,0.6797323232323231
jamming_sweep,alpha_0.2,traj_B_base_2,0.6295095017976373
jamming_sweep,alpha_0.2,traj_B_base_0,0.6221186440677966
jamming_sweep,alpha_0.2,traj_B_prev_1,0.6115896250642013
jamming_sweep,alpha_0.2,phi_spectral,0.5925808080808082
jamming_sweep,alpha_0.2,phi_norm,0.5798282828282828
jamming_sweep,alpha_0.2,snap_B_base_0,0.5622984078068824
jamming_sweep,alpha_0.2,polarization,0.5514343434343434
jamming_sweep,alpha_0.2,snap_B_prev_2,0.5373626091422702
jamming_sweep,alpha_0.2,traj_MP_0,0.530310606060606
jamming_sweep,alpha_0.2,snap_B_base_2,0.5105495634309194
jamming_sweep,alpha_0.2,snap_TP_2,0.5089444444444444
jamming_sweep,alpha_0.2,snap_MP_2,0.5082020202020201
jamming_sweep,alpha_0.2,traj_B_base_1,0.5049306625577812
jamming_sweep,alpha_0.5,local_density,0.977469696969697
jamming_sweep,alpha_0.5,snap_TP_0,0.6594141414141415
jamming_sweep,alpha_0.5,LCC_fraction,0.6401414141414141
jamming_sweep,alpha_0.5,angular_momentum_norm,0.632010101010101
jamming_sweep,alpha_0.5,polarization,0.6256868686868686
jamming_sweep,alpha_0.5,snap_B_prev_2,0.6153646635850024
jamming_sweep,alpha_0.5,snap_TP_1,0.6098838383838384
jamming_sweep,alpha_0.5,traj_TP_0,0.5893989898989899
jamming_sweep,alpha_0.5,traj_B_prev_2,0.5876399589111454
jamming_sweep,alpha_0.5,traj_MP_1,0.5784090909090909
jamming_sweep,alpha_0.5,traj_B_base_0,0.5774396507447355
jamming_sweep,alpha_0.5,milling_score,0.5760858585858586
jamming_sweep,alpha_0.5,traj_MP_2,0.5748282828282828
jamming_sweep,alpha_0.5,traj_TP_2,0.5722070707070707
jamming_sweep,alpha_0.5,snap_TP_2,0.5671691919191919
jamming_sweep,alpha_0.5,traj_TP_1,0.564131313131313
jamming_sweep,alpha_0.5,snap_MP_2,0.5630328282828283
jamming_sweep,alpha_0.5,snap_B_base_2,0.557758089368259
jamming_sweep,alpha_0.5,traj_B_prev_1,0.5476425269645608
jamming_sweep,alpha_0.5,snap_MP_0,0.5415151515151515
jamming_sweep,alpha_0.5,snap_MP_1,0.5317121212121212
jamming_sweep,alpha_0.5,snap_B_base_1,0.5295968156137647
jamming_sweep,alpha_0.5,snap_B_prev_0,0.5294298921417566
jamming_sweep,alpha_0.5,traj_B_prev_0,0.5244838212634823
jamming_sweep,alpha_0.5,traj_B_base_2,0.5197611710323574
jamming_sweep,alpha_0.5,traj_B_base_1,0.5195762711864407
jamming_sweep,alpha_0.5,phi_spectral,0.5138939393939393
jamming_sweep,alpha_0.5,phi_norm,0.5138484848484849
jamming_sweep,alpha_0.5,traj_MP_0,0.5086818181818182
jamming_sweep,alpha_0.5,snap_B_base_0,0.504427324088341
jamming_sweep,alpha_0.5,snap_B_prev_1,0.5020672829994863
jamming_sweep,alpha_1.0,local_density,0.6994191919191919
jamming_sweep,alpha_1.0,snap_TP_0,0.6647525252525253
jamming_sweep,alpha_1.0,LCC_fraction,0.6614242424242424
jamming_sweep,alpha_1.0,traj_TP_0,0.6570050505050505
jamming_sweep,alpha_1.0,traj_B_base_0,0.6473651771956856
jamming_sweep,alpha_1.0,angular_momentum_norm,0.6440353535353536
jamming_sweep,alpha_1.0,snap_B_prev_1,0.6364304057524397
jamming_sweep,alpha_1.0,traj_TP_1,0.6316060606060606
jamming_sweep,alpha_1.0,traj_B_prev_2,0.6303492552645096
jamming_sweep,alpha_1.0,snap_MP_1,0.6181666666666668
jamming_sweep,alpha_1.0,traj_MP_1,0.6156515151515152
jamming_sweep,alpha_1.0,polarization,0.6098939393939394
jamming_sweep,alpha_1.0,traj_MP_2,0.6098308080808081
jamming_sweep,alpha_1.0,traj_TP_2,0.6085126262626263
jamming_sweep,alpha_1.0,traj_B_prev_1,0.6029173086800206
jamming_sweep,alpha_1.0,snap_B_prev_2,0.5942629686697484
jamming_sweep,alpha_1.0,snap_MP_2,0.593419191919192
jamming_sweep,alpha_1.0,snap_TP_2,0.5924040404040404
jamming_sweep,alpha_1.0,snap_B_base_2,0.5880688238315357
jamming_sweep,alpha_1.0,snap_B_base_0,0.5783127889060092
jamming_sweep,alpha_1.0,traj_B_prev_0,0.5627683615819209
jamming_sweep,alpha_1.0,snap_B_prev_0,0.5499075500770416
jamming_sweep,alpha_1.0,traj_MP_0,0.5399141414141414
jamming_sweep,alpha_1.0,phi_spectral,0.5393686868686869
jamming_sweep,alpha_1.0,snap_MP_0,0.5364393939393939
jamming_sweep,alpha_1.0,phi_norm,0.534909090909091
jamming_sweep,alpha_1.0,snap_B_base_1,0.531070878274268
jamming_sweep,alpha_1.0,snap_TP_1,0.5244696969696969
jamming_sweep,alpha_1.0,traj_B_base_2,0.5213199794555727
jamming_sweep,alpha_1.0,milling_score,0.513959595959596
jamming_sweep,alpha_1.0,traj_B_base_1,0.5066692347200821
split_merge_sweep,none,local_density,0.6994191919191919
split_merge_sweep,none,snap_TP_0,0.6647525252525253
split_merge_sweep,none,LCC_fraction,0.6614242424242424
split_merge_sweep,none,traj_TP_0,0.6570050505050505
split_merge_sweep,none,traj_B_base_0,0.6473651771956856
split_merge_sweep,none,angular_momentum_norm,0.6440353535353536
split_merge_sweep,none,snap_B_prev_1,0.6364304057524397
split_merge_sweep,none,traj_TP_1,0.6316060606060606
split_merge_sweep,none,traj_B_prev_2,0.6303492552645096
split_merge_sweep,none,snap_MP_1,0.6181666666666668
split_merge_sweep,none,traj_MP_1,0.6156515151515152
split_merge_sweep,none,polarization,0.6098939393939394
split_merge_sweep,none,traj_MP_2,0.6098308080808081
split_merge_sweep,none,traj_TP_2,0.6085126262626263
split_merge_sweep,none,traj_B_prev_1,0.6029173086800206
split_merge_sweep,none,snap_B_prev_2,0.5942629686697484
split_merge_sweep,none,snap_MP_2,0.593419191919192
split_merge_sweep,none,snap_TP_2,0.5924040404040404
split_merge_sweep,none,snap_B_base_2,0.5880688238315357
split_merge_sweep,none,snap_B_base_0,0.5783127889060092
split_merge_sweep,none,traj_B_prev_0,0.5627683615819209
split_merge_sweep,none,snap_B_prev_0,0.5499075500770416
split_merge_sweep,none,traj_MP_0,0.5399141414141414
split_merge_sweep,none,phi_spectral,0.5393686868686869
split_merge_sweep,none,snap_MP_0,0.5364393939393939
split_merge_sweep,none,phi_norm,0.534909090909091
split_merge_sweep,none,snap_B_base_1,0.531070878274268
split_merge_sweep,none,snap_TP_1,0.5244696969696969
split_merge_sweep,none,traj_B_base_2,0.5213199794555727
split_merge_sweep,none,milling_score,0.513959595959596
split_merge_sweep,none,traj_B_base_1,0.5066692347200821
split_merge_sweep,split_merge,phi_spectral,0.7383484848484849
split_merge_sweep,split_merge,phi_norm,0.7261363636363637
split_merge_sweep,split_merge,snap_B_prev_1,0.6250975860297894
split_merge_sweep,split_merge,polarization,0.6221212121212121
split_merge_sweep,split_merge,snap_TP_1,0.621959595959596
split_merge_sweep,split_merge,traj_B_base_0,0.6040575243965075
split_merge_sweep,split_merge,milling_score,0.6005252525252525
split_merge_sweep,split_merge,snap_MP_1,0.5969949494949495
split_merge_sweep,split_merge,snap_TP_0,0.5966313131313131
split_merge_sweep,split_merge,snap_MP_0,0.5847424242424242
split_merge_sweep,split_merge,traj_TP_0,0.5775202020202019
split_merge_sweep,split_merge,snap_TP_2,0.5715858585858585
split_merge_sweep,split_merge,local_density,0.5698914141414142
split_merge_sweep,split_merge,snap_B_prev_2,0.5676245505906523
split_merge_sweep,split_merge,snap_MP_2,0.5672020202020202
split_merge_sweep,split_merge,snap_B_base_2,0.5621777092963534
split_merge_sweep,split_merge,angular_momentum_norm,0.5560959595959596
split_merge_sweep,split_merge,traj_MP_0,0.5362575757575758
split_merge_sweep,split_merge,snap_B_base_0,0.5348998459167951
split_merge_sweep,split_merge,traj_B_prev_2,0.52814072932717
split_merge_sweep,split_merge,snap_B_base_1,0.5264817668207498
split_merge_sweep,split_merge,traj_B_base_1,0.5199075500770416
split_merge_sweep,split_merge,traj_MP_1,0.5196363636363636
split_merge_sweep,split_merge,traj_MP_2,0.5188636363636363
split_merge_sweep,split_merge,traj_TP_2,0.5181919191919192
split_merge_sweep,split_merge,traj_B_prev_1,0.5130020544427325
split_merge_sweep,split_merge,traj_B_base_2,0.511617873651772
split_merge_sweep,split_merge,traj_B_prev_0,0.5088135593220339
split_merge_sweep,split_merge,traj_TP_1,0.5044646464646465
split_merge_sweep,split_merge,snap_B_prev_0,0.501854134565999
split_merge_sweep,split_merge,LCC_fraction,0.5000505050505051
