sweep,condition,n_seeds,shared_baseline_alias,phi_xseed_mean,phi_xseed_ci_lo,phi_xseed_ci_hi,phi_norm_xseed_mean,phi_norm_xseed_sigma,polarization_xseed_mean,sigma_u_xseed_mean,sigma_u_source,bimodality_dip_p,bimodality_modes,bimodality_std_iqr,surrogate_z_mean_over_windows,surrogate_obs_above_ci,surrogate_interpretation,tier1a_outcome,section_4_2_instance,section_4_3_instance,leader_block_partition,notes
alignment_sweep,wa_0.0,10,,361.1610124904042,357.88539657899054,364.5229806887086,0.914063710285617,0.0139720182662608,0.1382661613372705,0.7941,tier1c_rerun,0.8610518984536475,1,0.694768670112354,,,,,False,False,False,
alignment_sweep,wa_0.6,10,,138.730548063462,116.66696757046951,161.48079035981164,0.3625428043714763,0.0888820721268073,0.7841003344384101,0.5201,tier1c_rerun,0.10223144730333156,2,0.5514310117245121,,,,,True,False,False,
alignment_sweep,wa_1.2,10,,117.98111949039236,97.70442600755582,140.48484054942375,0.3127054743228935,0.094544297144665,0.7115083062759713,0.5061,tier1c_rerun,0.9921563465655285,1,0.6414196184142512,,,,,False,False,False,
alignment_sweep,wa_1.8,10,,118.070493704786,95.89499574543987,140.30375024698503,0.3146959768252809,0.0924272626127707,0.7042912728906454,0.507,tier1c_rerun,0.9620690531917628,1,0.6802396384164001,9.96,True,real_integration_detected,,False,False,False,
jamming_sweep,alpha_0.2,10,,187.2252198219118,180.77131618917912,193.46625727103057,0.4751816562785332,0.0254044910100675,0.3421107466985078,0.5925,tier1c_rerun,0.9842068180398238,1,0.8566992477701049,16.17,True,real_integration_detected,,False,True,False,
jamming_sweep,alpha_0.5,10,,140.1722591860492,129.71811802000985,151.7617662672829,0.3676745602337714,0.0418502186077518,0.6832440033469499,0.5331,tier1c_rerun,0.7200169091889445,1,0.5951148095937723,,,,,False,False,False,
leadership_sweep,lambda_0.8,10,,113.34627891110048,69.59823274102283,162.54643682581255,0.3357103390650776,0.1976970222081452,0.6626920796940791,0.7009,tier1c_rerun,0.9069153778433036,1,0.6609141346442245,,,,outcome_4,False,False,False,
leadership_sweep,lambda_1.6,10,,6.939324454520585,5.356853776615322,8.470926104074683,0.0251097919398938,0.0091563288298542,0.6048591152754696,0.6188,tier1c_rerun,0.9920941108203278,1,0.9191868464966182,8.38,True,real_integration_detected,outcome_4,False,False,True,
leadership_sweep,lambda_2.4,10,,8.728830857919231,3.956569773292061,14.548403284085133,0.0301395599873022,0.0311133801080513,0.579003224969669,0.603,tier1c_rerun,0.9526261877025266,2,2.6162057921893793,,,,outcome_4,False,False,True,
split_merge_sweep,split_merge,10,,105.406873684848,86.87550664484091,129.53207301793415,0.3285510380115643,0.0970958509494849,0.6457440284683781,,not_computed,0.7906510875009054,1,0.7271790491891049,-5.08,False,compressibility_flag,,False,False,False,"single-seed compressibility flag (surrogate z=-5.08, observed below null)"
milling_sweep,mu_0.4,10,,573.564965145169,551.1467660673871,594.8404779204046,1.531139409282009,0.0506444067619136,0.5864957856721538,,not_computed,0.7259810090201291,1,0.9096195558313535,,,,,False,False,False,
milling_sweep,mu_0.8,10,,565.3620395159354,500.47038219538985,619.4693122411161,1.5426500727955443,0.1878484825789417,0.5363317230053304,,not_computed,0.25927710974084917,2,0.7753203916732826,15.45,True,real_integration_detected,,False,False,False,
milling_sweep,mu_1.2,10,,593.5748187015635,534.4738814112485,643.1853976795182,1.652485475678083,0.0509934016516903,0.5971009522012649,,not_computed,0.6643792370283659,2,0.9160131750231179,,,,,False,False,False,
noise_sweep,sigma_0.0,10,,129.64970141915433,120.71338638169856,137.6459444912451,0.3545935241276331,0.0470644791670314,0.6882083228051353,0.5148,tier1c_rerun,0.7166931975340887,1,0.649926834277172,,,,,False,False,False,
noise_sweep,sigma_0.1,10,,128.5014333281503,108.98526411252183,147.384389868211,0.3499615857866422,0.0631795567824573,0.7862798843319357,0.5111,tier1c_rerun,0.44605411552679985,3,0.5682143645551017,,,,,False,False,False,
noise_sweep,sigma_0.2,10,,144.63344002585762,124.8664941663369,165.92334662768332,0.3786300100686721,0.0757992891041969,0.8539124035045138,0.5311,tier1c_rerun,7.5889092590042395e-06,2,0.5442549643295403,32.92,True,real_integration_detected,,True,False,False,
noise_sweep,sigma_0.5,10,,85.03402596285258,77.12315649520517,92.57316355317018,0.2164525745795181,0.0317075894948223,0.6904899025886012,0.6421,tier1c_rerun,0.9930960216351822,1,0.6462007685648398,17.58,True,sanity_check_fail,,False,False,False,sanity-check fail — real cross-agent structure detected at sigma=0.5 (not near-random)
n_sensitivity_N80,wa_0.0,5,,1553.3740598731713,1539.210671980752,1567.971779453936,0.9772369291843462,0.0107986591455203,0.1160222175851152,,not_computed,0.6577957570606527,1,0.7245700105127328,,,,,False,False,False,
n_sensitivity_N80,wa_0.6,5,,564.5604458094227,488.16011775936295,668.903502999083,0.3874014281913406,0.0768729500863374,0.7500258672044617,,not_computed,0.7886897590604693,1,0.7103175158204061,,,,,False,False,False,
n_sensitivity_N80,wa_1.2,5,,426.9139326800273,323.78387276239096,557.1205482684742,0.2853191183608257,0.0793257973181814,0.6559073332523928,,not_computed,0.9818953058576492,2,0.6915762701885936,,,,,False,False,False,
n_sensitivity_N80,wa_1.8,5,,596.9315843795015,457.20926633689135,736.0973764514149,0.3969089327019338,0.0995296502414084,0.8011479372914965,,not_computed,0.3096265627841922,1,0.6130175777232182,,,,,False,False,False,
n_sensitivity_N160,wa_0.0,5,,6504.592674846513,6437.520870057563,6599.071897752017,1.0187190228687864,0.0143814608655196,0.0951922788035445,,not_computed,0.9528548174323598,1,0.8778161122809196,,,,,False,False,False,
n_sensitivity_N160,wa_0.6,5,,1735.2179367050985,1190.9050158847192,2332.5720892266263,0.2966534772034898,0.1186482762912884,0.727610500985831,,not_computed,0.9215043122559604,1,0.7027048163024303,,,,,False,False,False,
n_sensitivity_N160,wa_1.2,5,,2163.2539439479538,1849.2052389738753,2507.2342815551797,0.3647331283559054,0.0585776815804687,0.7563824680920439,,not_computed,0.9467615433884844,1,0.6062956417102274,,,,,False,False,False,
n_sensitivity_N160,wa_1.8,5,,2088.8701801525776,1481.667795608337,2735.1906565231516,0.3469348484568716,0.1220091375576551,0.7241915865319852,,not_computed,0.12389577235172333,1,0.6726024433448229,,,,,False,False,False,
w_sensitivity,W30,5,,95.39458692572404,82.3975558765226,108.35371480007817,0.2565023621353542,0.0491958813574847,0.6659381845874488,,not_computed,0.5827098025959405,2,0.6177656442073821,,,,,False,False,False,
w_sensitivity,W50,5,,155.24857797776363,141.69393137895412,171.676242627538,0.4395602809744671,0.0766730806932178,0.6586272158267443,,not_computed,0.3114359592989744,2,0.6193969332175442,,,,,False,False,False,
w_sensitivity,W60,5,,183.51471421471456,171.30447976632885,198.34537534989815,0.5231044250110527,0.0818976104447871,0.6557762066311383,,not_computed,0.7071437064689794,1,0.664407586447505,,,,,False,False,False,
alignment_rule_sensitivity,sum,5,,79.48126183957935,61.69479753581569,94.72229730989433,0.2130381718002578,0.0573079375219967,0.6491638165924161,,not_computed,0.9929818811102306,2,0.6402227594597926,,,,,False,False,False,
sensitivity,gaussian_full,5,,2832.248046015864,2589.656696946463,2985.84278733683,8.236031084366392,0.5776935760644227,0.6586272158267443,,not_computed,0.9814825278766223,1,0.8367961323087897,,,,,False,False,False,
sensitivity,gaussian_kinematic,5,,380.061660008272,299.0608837320774,473.42343559732626,1.0493938116370205,0.2836091272734447,0.6611804257281969,,not_computed,0.6337955568754726,2,0.6947957148916197,,,,,False,False,False,
sensitivity,gaussian_vxvyvz,5,,334.9321656905905,257.3399064133271,421.9354549824375,0.9269897276903668,0.2847307380383093,0.6611804257281969,,not_computed,0.3338691360554418,3,0.6909166645230908,,,,,False,False,False,
sensitivity,histogram_full,5,,1358.5483738843027,1337.0170823440662,1379.849895214884,3.666071832655984,0.015626331641345,0.6586272158267443,,not_computed,0.8754603089744895,1,0.9593388023459887,,,,,False,False,False,
sensitivity,histogram_kinematic,5,,1184.1581221627196,1163.2263504731995,1204.264001890051,3.1831938990829407,0.0081905518409863,0.6611804257281969,,not_computed,0.9901636782769917,1,1.3612569815151694,,,,,False,False,False,
sensitivity,histogram_vxvyvz,5,,1178.5181681880524,1159.621763678022,1196.5933884270196,3.163903214134632,0.0103732414080154,0.6611804257281969,,not_computed,0.5154703379453803,1,1.3913579058458063,,,,,False,False,False,
sensitivity,ksg_full,5,,472.5072289398694,440.9741287679948,499.36270906811495,1.3269497935862264,0.0761258431386004,0.6586272158267443,,not_computed,0.8889600227831103,1,0.7009967451748089,,,,,False,False,False,
sensitivity,ksg_vxvyvz,5,,128.85404298731277,113.0449680333232,148.5577384710495,0.3610053058191432,0.0734451327707704,0.6611804257281969,,not_computed,0.8088167783005764,2,0.6067081420185164,,,,,False,False,False,
multiple,vanilla_baseline,10,"W40, alpha_1.0, ksg_kinematic, lambda_0.0, mean, mu_0.0, none, sigma_0.05",131.8102781702899,113.84462881383324,150.67950917368825,0.35741297892319746,0.07933756243355107,0.7010214628875355,0.5183,tier1c_rerun,0.9135960583611563,1,0.6110094319714215,25.38,True,real_integration_detected,,False,False,False,Collapsed from 8 byte-identical vanilla-baseline conditions; surrogate from Tier 2.B 'none' scenario
